{
  "n_profiles": 220,
  "cbh_minus_peak_m": {
    "median": 2.3500000000000227,
    "p10": -10.93499999999998,
    "p90": 17.924999999999905
  },
  "cbh_minus_onset_m": {
    "median": 36.69999999999999,
    "p90": 67.24000000000004
  },
  "frac_of_B_below_CBH": {
    "median": 0.5901516612753446,
    "p10": 0.4554554951508771,
    "p90": 0.6994941243906352
  }
}