{
  "CL31": {
    "n_streams": 10,
    "props": {
      "baseline_300s": {
        "valid_pct": 15.625,
        "sigma_sd": 7.415482766701208
      },
      "new_30s_K0_fb": {
        "valid_pct": 53.125,
        "sigma_sd": 9.493205009060105
      },
      "ctx_30s_nofb": {
        "valid_pct": 53.125,
        "sigma_sd": 9.493205009060105
      },
      "ctx_300s_fb": {
        "valid_pct": 15.625,
        "sigma_sd": 7.415482766701208
      }
    }
  },
  "CL51": {
    "n_streams": 10,
    "props": {
      "baseline_300s": {
        "valid_pct": 10.9375,
        "sigma_sd": 7.4845762162059
      },
      "new_30s_K0_fb": {
        "valid_pct": 45.3125,
        "sigma_sd": 7.758821236653967
      },
      "ctx_30s_nofb": {
        "valid_pct": 45.3125,
        "sigma_sd": 7.758821236653967
      },
      "ctx_300s_fb": {
        "valid_pct": 10.9375,
        "sigma_sd": 7.4845762162059
      }
    }
  },
  "CL61": {
    "n_streams": 11,
    "props": {
      "baseline_300s": {
        "valid_pct": 0.0,
        "sigma_sd": NaN
      },
      "new_30s_K0_fb": {
        "valid_pct": 13.333333333333334,
        "sigma_sd": 10.215294113613243
      },
      "ctx_30s_nofb": {
        "valid_pct": 0.0,
        "sigma_sd": NaN
      },
      "ctx_300s_fb": {
        "valid_pct": 0.0,
        "sigma_sd": 89.84691502192005
      }
    }
  }
}